,prediction_submit
0,0
1,1
2,0
3,1
4,1
5,1
6,1
7,1
8,1
9,1
10,0
11,1
12,0
13,1
14,1
15,0
16,0
17,1
18,1
19,1
20,1
21,1
22,1
23,1
24,1
25,0
26,1
27,0
28,0
29,1
30,1
31,1
32,0
33,0
34,1
35,0
36,1
37,1
38,1
39,0
40,0
41,1
42,1
43,1
44,0
45,1
46,1
47,0
48,1
49,1
50,0
51,1
52,0
53,1
54,1
55,0
56,1
57,0
58,0
59,1
60,1
61,0
62,0
63,1
64,1
65,1
66,0
67,1
68,0
69,1
70,1
71,1
72,0
73,1
74,0
75,0
76,0
77,0
78,1
79,1
80,0
81,1
82,1
83,1
84,0
85,0
86,1
87,0
88,0
89,1
90,1
91,0
92,0
93,1
94,1
95,0
96,0
97,1
98,0
99,0
100,1
101,1
102,1
103,0
104,0
105,0
106,0
107,0
108,1
109,1
110,0
111,1
112,1
113,0
114,1
115,1
116,0
117,0
118,1
119,1
120,1
121,1
122,1
123,1
124,1
125,1
126,1
127,1
128,1
129,0
130,1
131,0
132,1
133,1
134,1
135,0
136,0
137,0
138,0
139,1
140,1
141,1
142,0
143,1
144,1
145,0
146,1
147,1
148,0
149,0
150,1
151,1
152,0
153,1
154,0
155,1
156,1
157,1
158,0
159,1
160,1
161,1
162,1
163,0
164,0
165,1
166,1
167,1
168,1
169,1
170,1
171,0
172,1
173,0
174,0
175,1
176,0
177,1
178,1
179,1
180,0
181,1
182,1
183,1
184,0
185,1
186,0
187,0
188,1
189,1
190,1
191,0
192,0
193,1
194,1
195,0
196,0
197,1
198,1
199,1
200,0
201,1
202,1
203,1
204,1
205,1
206,1
207,0
208,1
209,1
210,0
211,1
212,1
213,1
214,0
215,1
216,1
217,0
218,0
219,0
220,0
221,1
222,1
223,1
224,0
225,1
226,1
227,1
228,0
229,0
230,0
231,0
232,0
233,1
234,1
235,1
236,0
237,0
238,1
239,1
240,1
241,0
242,0
243,1
244,0
245,1
246,1
247,1
248,0
249,1
250,1
251,1
252,0
253,0
254,1
255,1
256,1
257,1
258,1
259,1
260,1
261,1
262,1
263,1
264,1
265,1
266,1
267,1
268,0
269,1
270,0
271,1
272,0
273,1
274,0
275,0
276,0
277,0
278,0
279,0
280,1
281,1
282,1
283,1
284,1
285,0
286,0
287,0
288,1
289,1
290,0
291,1
292,0
293,1
294,0
295,1
296,1
297,1
298,1
299,0
300,0
301,0
302,0
303,1
304,1
305,0
306,1
307,1
308,0
309,0
310,1
311,0
312,1
313,0
314,1
315,1
316,0
317,1
318,0
319,0
320,0
321,0
322,0
323,1
324,0
325,1
326,1
327,0
328,0
329,1
330,0
331,1
332,1
333,1
334,0
335,1
336,0
337,1
338,0
339,1
340,1
341,1
342,1
343,0
344,1
345,0
346,1
347,1
348,1
349,1
350,0
351,0
352,1
353,0
354,0
355,1
356,1
357,0
358,1
359,0
360,1
361,0
362,1
363,0
364,1
365,0
366,1
367,1
368,1
369,0
370,0
371,0
372,1
373,1
374,0
375,0
376,1
377,0
378,0
379,0
380,0
381,0
382,1
383,1
384,1
385,1
386,0
387,1
388,1
389,0
390,0
391,1
392,0
393,1
394,1
395,1
396,1
397,1
398,1
399,1
400,0
401,1
402,1
403,1
404,1
405,0
406,1
407,0
408,0
409,1
410,0
411,1
412,1
413,0
414,1
415,0
416,0
417,0
418,1
419,1
420,0
421,0
422,0
423,1
424,0
425,0
426,1
427,1
428,0
429,1
430,0
431,0
432,0
433,1
434,0
435,0
436,0
437,1
438,1
439,1
440,1
441,0
442,0
443,1
444,0
445,0
446,1
447,1
448,1
449,1
450,1
451,0
452,1
453,0
454,1
455,0
456,0
457,1
458,0
459,0
460,1
461,1
462,0
463,0
464,1
465,0
466,0
467,0
468,0
469,1
470,0
471,1
472,0
473,0
474,1
475,0
476,0
477,0
478,0
479,1
480,1
481,1
482,1
483,1
484,1
485,1
486,1
487,1
488,1
489,0
490,0
491,1
492,0
493,0
494,1
495,0
496,0
497,1
498,1
499,1
500,0
501,1
502,0
503,0
504,1
505,1
506,1
507,0
508,0
509,1
510,1
511,1
512,1
513,0
514,0
515,1
516,0
517,0
518,1
519,1
520,0
521,1
522,1
523,0
524,0
525,1
526,0
527,0
528,1
529,1
530,1
531,1
532,0
533,0
534,0
535,1
536,0
537,0
538,1
539,0
540,0
541,0
542,0
543,1
544,1
545,1
546,0
547,0
548,0
549,0
550,0
551,1
552,1
553,0
554,1
555,1
556,1
557,1
558,0
559,0
560,0
561,1
562,1
563,0
564,1
565,1
566,1
567,0
568,1
569,0
570,0
571,0
572,1
573,0
574,0
575,0
576,1
577,0
578,1
579,1
580,1
581,0
582,0
583,1
584,0
585,1
586,1
587,1
588,0
589,1
590,0
591,0
592,0
593,0
594,0
595,0
596,0
597,1
598,1
599,1
600,1
601,1
602,1
603,0
604,0
605,1
606,0
607,0
608,0
609,1
610,0
611,1
612,0
613,0
614,0
615,1
616,1
617,1
618,0
619,1
620,1
621,0
622,1
623,0
624,0
625,1
626,1
627,1
628,1
629,0
630,1
631,0
632,1
633,1
634,1
635,1
636,1
637,0
638,0
639,1
640,0
641,0
642,1
643,0
644,1
645,1
646,1
647,0
648,1
649,0
650,1
651,0
652,1
653,1
654,0
655,0
656,0
657,1
658,0
659,1
660,1
661,1
662,1
663,1
664,0
665,0
666,0
667,0
668,0
669,0
670,1
671,1
672,1
673,1
674,0
675,0
676,1
677,0
678,1
679,1
680,1
681,0
682,0
683,1
684,0
685,1
686,1
687,1
688,1
689,1
690,0
691,0
692,1
693,1
694,0
695,1
696,1
697,1
698,1
699,1
700,1
701,0
702,0
703,0
704,1
705,1
706,1
707,1
708,1
709,1
710,0
711,1
712,1
713,1
714,1
715,0
716,0
717,1
718,1
719,1
720,0
721,1
722,0
723,1
724,1
725,0
726,0
727,1
728,1
729,0
730,0
731,1
732,0
733,0
734,0
735,0
736,0
737,1
738,1
739,1
740,1
741,1
742,1
743,0
744,1
745,1
746,1
747,0
748,1
749,1
750,1
751,1
752,0
753,1
754,1
755,1
756,1
757,0
758,0
759,1
760,0
761,0
762,1
763,0
764,1
765,1
766,0
767,1
768,0
769,1
770,0
771,0
772,0
773,0
774,1
775,0
776,0
777,1
778,1
779,0
780,1
781,0
782,1
783,0
784,1
785,0
786,1
787,0
788,1
789,0
790,0
791,1
792,1
793,1
794,1
795,0
796,0
797,1
798,0
799,1
800,0
801,1
802,1
803,0
804,0
805,0
806,0
807,1
808,1
809,0
810,1
811,1
812,1
813,0
814,0
815,1
816,0
817,1
818,0
819,0
820,0
821,1
822,1
823,1
824,1
825,0
826,0
827,1
828,1
829,1
830,0
831,1
832,1
833,1
834,1
835,1
836,1
837,1
838,1
839,1
840,1
841,1
842,0
843,0
844,0
845,1
846,0
847,0
848,0
849,0
850,0
851,1
852,1
853,0
854,1
855,1
856,1
857,1
858,1
859,1
860,1
861,1
862,0
863,1
864,1
865,1
866,1
867,1
868,1
869,1
870,0
871,0
872,0
873,1
874,1
875,1
876,0
877,0
878,1
879,0
880,1
881,1
882,1
883,1
884,1
885,0
886,1
887,1
888,1
889,0
890,0
891,1
892,0
893,0
894,1
895,0
896,0
897,0
898,0
899,0
900,1
901,0
902,1
903,0
904,1
905,1
906,0
907,1
908,1
909,1
910,0
911,1
912,1
913,1
914,1
915,1
916,0
917,0
918,0
919,0
920,0
921,1
922,0
923,0
924,1
925,0
926,1
927,0
928,1
929,1
930,1
931,1
932,1
933,1
934,0
935,1
936,0
937,0
938,0
939,1
940,1
941,1
942,1
943,0
944,0
945,0
946,1
947,1
948,0
949,1
950,0
951,0
952,1
953,1
954,1
955,0
956,1
957,0
958,1
959,0
960,0
961,0
962,1
963,1
964,0
965,1
966,1
967,1
968,0
969,0
970,0
971,0
972,0
973,1
974,0
975,0
976,0
977,1
978,1
979,0
980,0
981,0
982,1
983,1
984,0
985,1
986,1
987,1
988,1
989,0
990,1
991,0
992,1
993,1
994,1
995,0
996,1
997,0
998,1
999,1
1000,0
1001,0
1002,1
1003,1
1004,0
1005,0
1006,1
1007,1
1008,0
1009,1
1010,1
1011,1
1012,0
1013,1
1014,1
1015,0
1016,1
1017,1
1018,0
1019,1
1020,0
1021,1
1022,1
1023,0
1024,1
1025,1
1026,1
1027,0
1028,1
1029,1
1030,1
1031,1
1032,0
1033,0
1034,1
1035,1
1036,1
1037,1
1038,1
1039,1
1040,0
1041,0
1042,0
1043,1
1044,1
1045,1
1046,1
1047,1
1048,1
1049,1
1050,1
1051,1
1052,1
1053,1
1054,1
1055,0
1056,1
1057,1
1058,0
1059,0
1060,0
1061,1
1062,1
1063,0
1064,0
1065,1
1066,0
1067,0
1068,1
1069,1
1070,1
1071,0
1072,0
1073,0
1074,1
1075,1
1076,1
1077,1
1078,1
1079,1
1080,1
1081,1
1082,1
1083,0
1084,1
1085,1
1086,1
1087,1
1088,1
1089,0
1090,0
1091,1
1092,1
1093,0
1094,0
1095,1
1096,1
1097,0
1098,1
1099,1
1100,1
1101,0
1102,1
1103,0
1104,1
1105,1
1106,0
1107,1
1108,0
1109,0
1110,0
1111,1
1112,0
1113,0
1114,1
1115,1
1116,0
1117,1
1118,0
1119,0
1120,1
1121,1
1122,0
1123,1
1124,0
1125,1
1126,1
1127,0
1128,0
1129,1
1130,1
1131,1
1132,1
1133,0
1134,1
1135,1
1136,1
1137,0
1138,1
1139,1
1140,1
1141,0
1142,1
1143,1
1144,1
1145,1
1146,0
1147,0
1148,1
1149,1
1150,0
1151,1
1152,1
1153,1
1154,1
1155,0
1156,0
1157,0
1158,1
1159,1
1160,1
1161,0
1162,0
1163,1
1164,1
1165,1
1166,0
1167,0
1168,0
1169,0
1170,0
1171,0
1172,0
1173,0
1174,1
1175,1
1176,1
1177,0
1178,0
1179,1
1180,1
1181,1
1182,0
1183,0
1184,1
1185,1
1186,1
1187,1
1188,0
1189,1
1190,1
1191,0
1192,1
1193,1
1194,1
1195,1
1196,0
1197,1
1198,0
1199,0
1200,0
1201,1
1202,1
1203,0
1204,1
1205,0
1206,1
1207,1
1208,0
1209,1
1210,0
1211,1
1212,1
1213,0
1214,1
1215,0
1216,1
1217,0
1218,0
1219,1
1220,0
1221,0
1222,0
1223,1
1224,1
1225,1
1226,1
1227,1
1228,1
1229,0
1230,1
1231,1
1232,1
1233,1
1234,1
1235,0
1236,0
1237,1
1238,0
1239,0
1240,0
1241,1
1242,1
1243,1
1244,0
1245,1
1246,1
1247,0
1248,0
1249,1
1250,1
1251,0
1252,0
1253,1
1254,1
1255,0
1256,0
1257,0
1258,0
1259,1
1260,1
1261,1
1262,0
1263,0
1264,1
1265,0
1266,0
1267,1
1268,1
1269,1
1270,0
1271,1
1272,0
1273,1
1274,1
1275,0
1276,1
1277,1
1278,0
1279,0
1280,1
1281,0
1282,0
1283,0
1284,0
1285,1
1286,0
1287,1
1288,1
1289,1
1290,1
1291,0
1292,1
1293,1
1294,1
1295,1
1296,1
1297,0
1298,1
1299,0
1300,1
1301,1
1302,1
1303,0
1304,1
1305,1
1306,0
1307,0
1308,1
1309,0
1310,1
1311,1
1312,1
1313,1
1314,1
1315,0
1316,0
1317,0
1318,1
1319,0
1320,1
1321,1
1322,1
1323,1
1324,1
1325,1
1326,1
1327,1
1328,1
1329,1
1330,1
1331,1
1332,0
1333,1
1334,0
1335,0
1336,1
1337,1
1338,1
1339,1
1340,0
1341,0
1342,0
1343,1
1344,1
1345,1
1346,0
1347,1
1348,0
1349,0
1350,0
1351,0
1352,1
1353,1
1354,0
1355,0
1356,0
1357,0
1358,0
1359,0
1360,0
1361,0
1362,0
1363,0
1364,0
1365,1
1366,1
1367,1
1368,1
1369,1
1370,0
1371,0
1372,0
1373,0
1374,1
1375,0
1376,0
1377,1
1378,1
1379,0
1380,1
1381,1
1382,0
1383,0
1384,1
1385,1
1386,1
1387,0
1388,0
1389,1
1390,1
1391,1
1392,1
1393,1
1394,0
1395,1
1396,0
1397,1
1398,1
1399,0
1400,0
1401,0
1402,1
1403,1
1404,1
1405,0
1406,0
1407,0
1408,0
1409,1
1410,0
1411,1
1412,0
1413,1
1414,0
1415,0
1416,1
1417,0
1418,0
1419,0
1420,0
1421,0
1422,0
1423,1
1424,0
1425,1
1426,0
1427,0
1428,1
1429,1
1430,1
1431,1
1432,0
1433,1
1434,0
1435,0
1436,1
1437,0
1438,1
1439,0
1440,1
1441,0
1442,1
1443,0
1444,1
1445,0
1446,0
1447,0
1448,1
1449,0
1450,1
1451,0
1452,1
1453,1
1454,0
1455,0
1456,1
1457,1
1458,1
1459,1
1460,0
1461,1
1462,1
1463,1
1464,1
1465,1
1466,0
1467,1
1468,1
1469,0
1470,0
1471,0
1472,1
1473,0
1474,0
1475,0
1476,1
1477,0
1478,1
1479,0
1480,0
1481,0
1482,0
1483,1
1484,0
1485,1
1486,1
1487,0
1488,0
1489,1
1490,0
1491,0
1492,0
1493,1
1494,1
1495,0
1496,1
1497,1
1498,0
1499,0
1500,0
1501,1
1502,0
1503,0
1504,1
1505,1
1506,0
1507,1
1508,0
1509,1
1510,1
1511,1
1512,1
1513,1
1514,1
1515,0
1516,0
1517,1
1518,0
1519,1
1520,0
1521,1
1522,1
1523,1
1524,0
1525,1
1526,1
1527,0
1528,0
1529,1
1530,0
1531,1
1532,1
1533,1
1534,1
1535,0
1536,0
1537,0
1538,1
1539,1
1540,0
1541,0
1542,1
1543,0
1544,1
1545,0
1546,1
1547,1
1548,1
1549,1
1550,0
1551,0
1552,0
1553,1
1554,1
1555,0
1556,1
1557,0
1558,1
1559,1
1560,1
1561,1
1562,1
1563,0
1564,1
1565,0
1566,1
1567,0
1568,0
1569,0
1570,0
1571,1
1572,1
1573,1
1574,0
1575,0
1576,1
1577,1
1578,0
1579,0
1580,0
1581,0
1582,1
1583,1
1584,1
1585,1
1586,1
1587,0
1588,0
1589,1
1590,1
1591,0
1592,0
1593,0
1594,0
1595,1
1596,1
1597,0
1598,0
1599,1
1600,0
1601,0
1602,1
1603,1
1604,0
1605,1
1606,1
1607,1
1608,0
1609,1
1610,0
1611,0
1612,1
1613,0
1614,1
1615,0
1616,0
1617,1
1618,1
1619,1
1620,0
1621,0
1622,0
1623,1
1624,0
1625,0
1626,0
1627,1
1628,0
1629,1
1630,0
1631,0
1632,1
1633,0
1634,0
1635,1
1636,0
1637,1
1638,1
1639,0
1640,1
1641,1
1642,1
1643,0
1644,1
1645,0
1646,0
1647,1
1648,0
1649,1
1650,1
1651,1
1652,1
1653,1
1654,0
1655,1
1656,1
1657,1
1658,0
1659,0
1660,0
1661,1
1662,0
1663,1
1664,0
1665,1
1666,1
1667,1
1668,1
1669,1
1670,0
1671,1
1672,1
1673,0
1674,0
1675,1
1676,0
1677,1
1678,1
1679,0
1680,1
1681,1
1682,1
1683,1
1684,0
1685,1
1686,1
1687,1
1688,0
1689,1
1690,0
1691,1
1692,0
1693,0
1694,1
1695,0
1696,0
1697,0
1698,1
1699,0
1700,0
1701,1
1702,1
1703,0
1704,0
1705,0
1706,0
1707,0
1708,1
1709,1
1710,1
1711,0
1712,0
1713,1
1714,1
1715,1
1716,1
1717,0
1718,1
1719,1
1720,1
1721,0
1722,1
1723,1
1724,1
1725,0
1726,1
1727,0
1728,0
1729,1
1730,1
1731,1
1732,1
1733,1
1734,1
1735,0
1736,0
1737,0
1738,0
1739,1
1740,0
1741,1
1742,1
1743,1
1744,1
1745,0
1746,0
1747,1
1748,1
1749,1
1750,0
1751,0
1752,0
1753,0
1754,0
1755,0
1756,1
1757,1
1758,1
1759,1
1760,1
1761,0
1762,1
1763,0
1764,0
1765,0
1766,0
1767,1
1768,1
1769,0
1770,0
1771,1
1772,0
1773,1
1774,1
1775,0
1776,1
1777,0
1778,0
1779,1
1780,0
1781,0
1782,0
1783,1
1784,1
1785,1
1786,0
1787,0
1788,1
1789,1
1790,0
1791,1
1792,0
1793,0
1794,0
1795,0
1796,0
1797,1
1798,0
1799,0
1800,1
1801,0
1802,0
1803,1
1804,1
1805,1
1806,0
1807,0
1808,1
1809,0
1810,0
1811,1
1812,0
1813,1
1814,0
1815,1
1816,0
1817,1
1818,1
1819,0
1820,0
1821,1
1822,1
1823,0
1824,0
1825,1
1826,1
1827,0
1828,1
1829,1
1830,1
1831,0
1832,1
1833,0
1834,0
1835,1
1836,1
1837,1
1838,0
1839,1
1840,1
1841,0
1842,0
1843,1
1844,1
1845,0
1846,0
1847,1
1848,0
1849,1
1850,1
1851,1
1852,1
1853,1
1854,1
1855,1
1856,0
1857,1
1858,0
1859,0
1860,1
1861,1
1862,0
1863,1
1864,1
1865,1
1866,1
1867,1
1868,0
1869,1
1870,1
1871,1
1872,1
1873,0
1874,1
1875,1
1876,1
1877,1
1878,0
1879,1
1880,1
1881,0
1882,1
1883,0
1884,0
1885,1
1886,1
1887,0
1888,0
1889,1
1890,1
1891,0
1892,1
1893,1
1894,0
1895,0
1896,0
1897,1
1898,0
1899,1
1900,0
1901,1
1902,1
1903,1
1904,1
1905,1
1906,1
1907,1
1908,0
1909,0
1910,1
1911,0
1912,0
1913,1
1914,0
1915,0
1916,1
1917,0
1918,1
1919,1
1920,0
1921,0
1922,0
1923,1
1924,0
1925,0
1926,0
1927,1
1928,1
1929,1
1930,1
1931,1
1932,0
1933,1
1934,1
1935,0
1936,1
1937,0
1938,0
1939,0
1940,1
1941,1
1942,1
1943,1
1944,0
1945,1
1946,1
1947,0
1948,1
1949,1
1950,1
1951,1
1952,1
1953,1
1954,0
1955,0
1956,0
1957,0
1958,0
1959,1
1960,1
1961,1
1962,1
1963,0
1964,1
1965,0
1966,0
1967,0
1968,0
1969,1
1970,1
1971,1
1972,1
1973,0
1974,1
1975,0
1976,0
1977,0
1978,0
1979,1
1980,0
1981,1
1982,0
1983,1
1984,1
1985,1
1986,0
1987,0
1988,0
1989,1
1990,1
1991,0
1992,1
1993,0
1994,0
1995,0
1996,1
1997,0
1998,1
1999,0
2000,1
2001,1
2002,0
2003,1
2004,0
2005,0
2006,1
2007,0
2008,0
2009,1
2010,0
2011,1
2012,0
2013,1
2014,0
2015,0
2016,0
2017,0
2018,1
2019,1
2020,0
2021,1
2022,1
2023,0
2024,1
2025,0
2026,0
2027,1
2028,0
2029,1
2030,0
2031,1
2032,0
2033,1
2034,1
2035,1
2036,1
2037,1
2038,0
2039,1
2040,1
2041,1
2042,1
2043,0
2044,1
2045,0
2046,1
2047,1
2048,1
2049,1
2050,1
2051,0
2052,0
2053,0
2054,0
2055,1
2056,0
2057,0
2058,1
2059,0
2060,0
2061,1
2062,0
2063,1
2064,0
2065,0
2066,1
2067,0
2068,1
2069,1
2070,0
2071,0
2072,0
2073,0
2074,0
2075,1
2076,1
2077,0
2078,0
2079,0
2080,1
2081,0
2082,1
2083,0
2084,0
2085,1
2086,0
2087,1
2088,0
2089,0
2090,0
2091,1
2092,1
2093,1
2094,0
2095,1
2096,0
2097,1
2098,1
2099,1
2100,1
2101,0
2102,1
2103,1
2104,0
2105,1
2106,1
2107,0
2108,1
2109,1
2110,1
2111,0
2112,0
2113,1
2114,1
2115,1
2116,0
2117,1
2118,0
2119,1
2120,1
2121,1
2122,0
2123,0
2124,0
2125,1
2126,1
2127,0
2128,1
2129,0
2130,1
2131,0
2132,0
2133,0
2134,1
2135,0
2136,0
2137,0
2138,1
2139,0
2140,1
2141,1
2142,1
2143,0
2144,1
2145,1
2146,0
2147,1
2148,1
2149,1
2150,1
2151,1
2152,1
2153,0
2154,1
2155,1
2156,1
2157,1
2158,0
2159,0
2160,1
2161,1
2162,0
2163,0
2164,1
2165,1
2166,1
2167,0
2168,0
2169,0
2170,1
2171,1
2172,1
2173,1
2174,0
2175,0
2176,1
2177,0
2178,1
2179,0
2180,1
2181,0
2182,0
2183,1
2184,1
2185,1
2186,1
2187,0
2188,1
2189,1
2190,1
2191,1
2192,0
2193,1
2194,1
2195,1
2196,1
2197,1
2198,1
2199,1
2200,1
2201,1
2202,1
2203,1
2204,0
2205,1
2206,1
2207,0
2208,0
2209,1
2210,0
2211,1
2212,0
2213,1
2214,0
2215,1
2216,1
2217,0
2218,0
2219,0
2220,0
2221,0
2222,1
2223,0
2224,1
2225,0
2226,1
2227,0
2228,0
2229,1
2230,0
2231,0
2232,1
2233,0
2234,1
2235,0
2236,1
2237,1
2238,1
2239,0
2240,1
2241,1
2242,0
2243,1
2244,1
2245,0
2246,0
2247,0
2248,1
2249,0
2250,1
2251,1
2252,0
2253,0
2254,1
2255,1
2256,1
2257,1
2258,1
2259,0
2260,0
2261,0
2262,1
2263,0
2264,0
2265,1
2266,1
2267,0
2268,1
2269,0
2270,0
2271,0
2272,0
2273,1
2274,0
2275,1
2276,1
2277,1
2278,1
2279,0
2280,1
2281,0
2282,0
2283,1
2284,0
2285,0
2286,1
2287,1
2288,0
2289,1
2290,0
2291,1
2292,0
2293,0
2294,1
2295,0
2296,0
2297,0
2298,1
2299,0
2300,0
2301,0
2302,0
2303,0
2304,1
2305,0
2306,0
2307,1
2308,0
2309,1
2310,1
2311,1
2312,1
2313,0
2314,1
2315,1
2316,0
2317,0
2318,1
2319,1
2320,1
2321,0
2322,1
2323,1
2324,1
2325,1
2326,1
2327,0
2328,1
2329,0
2330,1
2331,0
2332,0
2333,0
2334,0
2335,1
2336,1
2337,1
2338,0
2339,0
2340,1
2341,0
2342,1
2343,1
2344,0
2345,0
2346,0
2347,0
2348,0
2349,0
2350,1
2351,1
2352,1
2353,1
2354,0
2355,0
2356,1
2357,1
2358,0
2359,1
2360,0
2361,0
2362,0
2363,1
2364,0
2365,0
2366,1
2367,1
2368,1
2369,0
2370,0
2371,1
2372,0
2373,0
2374,1
2375,0
2376,0
2377,1
2378,1
2379,1
2380,1
2381,1
2382,1
2383,1
2384,0
2385,1
2386,1
2387,1
2388,0
2389,1
2390,1
2391,1
2392,1
2393,1
2394,1
2395,0
2396,1
2397,0
2398,0
2399,0
2400,1
2401,0
2402,1
2403,1
2404,1
2405,1
2406,1
2407,0
2408,1
2409,1
2410,1
2411,1
2412,1
2413,1
2414,1
2415,0
2416,1
2417,1
2418,1
2419,0
2420,0
2421,0
2422,0
2423,0
2424,0
2425,1
2426,0
2427,0
2428,0
2429,0
2430,0
2431,1
2432,1
2433,1
2434,1
2435,1
2436,1
2437,0
2438,0
2439,0
2440,0
2441,0
2442,0
2443,1
2444,0
2445,1
2446,0
2447,1
2448,1
2449,1
2450,0
2451,1
2452,0
2453,1
2454,1
2455,1
2456,1
2457,1
2458,0
2459,1
2460,0
2461,0
2462,0
2463,0
2464,1
2465,1
2466,0
2467,0
2468,1
2469,1
2470,0
2471,1
2472,1
2473,1
2474,0
2475,1
2476,1
2477,1
2478,1
2479,1
2480,1
2481,1
2482,0
2483,1
2484,1
2485,0
2486,1
2487,1
2488,0
2489,0
2490,1
2491,0
2492,0
2493,0
2494,0
2495,0
2496,0
2497,0
2498,1
2499,0
2500,0
2501,1
2502,1
2503,1
2504,1
2505,0
2506,1
2507,1
2508,0
2509,0
2510,1
2511,1
2512,1
2513,1
2514,1
2515,0
2516,1
2517,0
2518,1
2519,0
2520,1
2521,1
2522,0
2523,1
2524,1
2525,1
2526,1
2527,1
2528,1
2529,1
2530,0
2531,0
2532,1
2533,0
2534,1
2535,1
2536,0
2537,0
2538,1
2539,1
2540,1
2541,0
2542,1
2543,1
2544,1
2545,1
2546,0
2547,1
2548,0
2549,0
2550,1
2551,0
2552,0
2553,1
2554,1
2555,1
2556,1
2557,1
2558,1
2559,0
2560,0
2561,1
2562,1
2563,1
2564,0
2565,0
2566,1
2567,1
2568,1
2569,0
2570,1
2571,0
2572,1
2573,1
2574,0
2575,1
2576,0
2577,1
2578,1
2579,0
2580,1
2581,0
2582,0
2583,1
2584,1
2585,1
2586,0
2587,0
2588,0
2589,0
2590,1
2591,1
2592,1
2593,1
2594,1
2595,1
2596,1
2597,1
2598,1
2599,0
2600,0
2601,0
2602,1
2603,1
2604,1
2605,0
2606,0
2607,0
2608,1
2609,1
2610,1
2611,1
2612,0
2613,0
2614,0
2615,1
2616,1
2617,0
2618,1
2619,0
2620,1
2621,1
2622,1
2623,1
2624,1
2625,0
2626,1
2627,1
2628,1
2629,0
2630,0
2631,1
2632,0
2633,0
2634,1
2635,1
2636,0
2637,1
2638,0
2639,0
2640,1
2641,0
2642,1
2643,1
2644,0
2645,1
2646,1
2647,1
2648,0
2649,0
2650,1
2651,0
2652,1
2653,0
2654,0
2655,1
2656,1
2657,1
2658,1
2659,1
2660,1
2661,1
2662,1
2663,1
2664,1
2665,1
2666,0
2667,1
2668,0
2669,0
2670,0
2671,1
2672,0
2673,1
2674,0
2675,1
2676,1
2677,1
2678,0
2679,0
2680,1
2681,0
2682,1
2683,0
2684,0
2685,1
2686,0
2687,1
2688,1
2689,1
2690,0
2691,0
2692,1
2693,0
2694,1
2695,1
2696,0
2697,0
2698,1
2699,1
2700,0
2701,1
2702,1
2703,1
2704,0
2705,1
2706,1
2707,1
2708,0
2709,0
2710,0
2711,1
2712,0
2713,0
2714,1
2715,0
2716,0
2717,1
2718,0
2719,0
2720,1
2721,0
2722,1
2723,1
2724,1
2725,1
2726,1
2727,0
2728,1
2729,0
2730,0
2731,1
2732,0
2733,1
2734,1
2735,1
2736,0
2737,0
2738,1
2739,0
2740,0
2741,1
2742,0
2743,0
2744,0
2745,0
2746,1
2747,0
2748,1
2749,1
2750,1
2751,1
2752,1
2753,1
2754,0
2755,1
2756,0
2757,1
2758,1
2759,1
2760,1
2761,0
2762,0
2763,0
2764,1
2765,0
2766,1
2767,0
2768,1
2769,0
2770,0
2771,0
2772,1
2773,1
2774,0
2775,0
2776,0
2777,0
2778,0
2779,0
2780,1
2781,1
2782,1
2783,0
2784,1
2785,1
2786,1
2787,0
2788,1
2789,0
2790,0
2791,1
2792,0
2793,1
2794,1
2795,1
2796,0
2797,0
2798,0
2799,1
2800,0
2801,0
2802,1
2803,0
2804,0
2805,0
2806,1
2807,0
2808,0
2809,1
2810,1
2811,1
2812,1
2813,1
2814,1
2815,0
2816,1
2817,1
2818,0
2819,0
2820,1
2821,1
2822,1
2823,1
2824,1
2825,0
2826,0
2827,1
2828,0
2829,1
2830,0
2831,0
2832,0
2833,1
2834,0
2835,1
2836,0
2837,0
2838,1
2839,0
2840,0
2841,0
2842,0
2843,1
2844,1
2845,1
2846,1
2847,0
2848,0
2849,1
2850,1
2851,0
2852,0
2853,1
2854,1
2855,0
2856,1
2857,1
2858,0
2859,0
2860,0
2861,0
2862,0
2863,1
2864,0
2865,0
2866,0
2867,0
2868,0
2869,1
2870,0
2871,1
2872,0
2873,1
2874,1
2875,1
2876,1
2877,1
2878,1
2879,1
2880,0
2881,0
2882,0
2883,0
2884,0
2885,0
2886,1
2887,1
2888,1
2889,1
2890,0
2891,0
2892,1
2893,0
2894,0
2895,0
2896,1
2897,0
2898,0
2899,0
2900,1
2901,1
2902,1
2903,1
2904,0
2905,0
2906,0
2907,1
2908,0
2909,0
2910,0
2911,1
2912,1
2913,0
2914,0
2915,0
2916,1
2917,0
2918,1
2919,1
2920,1
2921,1
2922,0
2923,1
2924,1
2925,0
2926,1
2927,1
2928,1
2929,1
2930,0
2931,0
2932,0
2933,1
2934,1
2935,1
2936,1
2937,1
2938,1
2939,1
2940,0
2941,1
2942,1
2943,0
2944,0
2945,1
2946,1
2947,1
2948,0
2949,0
2950,0
2951,1
2952,0
2953,1
2954,1
2955,0
2956,0
2957,0
2958,1
2959,1
2960,0
2961,1
2962,0
2963,1
2964,0
2965,1
2966,1
2967,0
2968,0
2969,1
2970,1
2971,1
2972,0
2973,1
2974,1
2975,0
2976,0
2977,0
2978,1
2979,0
2980,0
2981,1
2982,0
2983,0
2984,1
2985,1
2986,1
2987,1
2988,0
2989,1
2990,0
2991,1
2992,0
2993,0
2994,0
2995,1
2996,1
2997,0
2998,1
2999,0
3000,0
3001,1
3002,1
3003,0
3004,1
3005,0
3006,1
3007,1
3008,0
3009,0
3010,1
3011,0
3012,1
3013,1
3014,1
3015,1
3016,0
3017,1
3018,1
3019,0
3020,1
3021,1
3022,0
3023,1
3024,1
3025,1
3026,0
3027,0
3028,1
3029,1
3030,1
3031,1
3032,1
3033,1
3034,1
3035,1
3036,1
3037,1
3038,1
3039,1
3040,1
3041,1
3042,0
3043,1
3044,1
3045,1
3046,0
3047,1
3048,1
3049,1
3050,0
3051,1
3052,1
3053,0
3054,1
3055,0
3056,0
3057,1
3058,0
3059,0
3060,0
3061,1
3062,1
3063,0
3064,0
3065,1
3066,1
3067,1
3068,1
3069,1
3070,1
3071,0
3072,1
3073,0
3074,0
3075,0
3076,0
3077,1
3078,0
3079,0
3080,0
3081,0
3082,1
3083,0
3084,1
3085,0
3086,0
3087,1
3088,1
3089,0
3090,1
3091,0
3092,1
3093,1
3094,1
3095,1
3096,1
3097,0
3098,0
3099,0
3100,0
3101,0
3102,0
3103,0
3104,0
3105,1
3106,1
3107,1
3108,1
3109,1
3110,1
3111,0
3112,1
3113,0
3114,1
3115,0
3116,0
3117,1
3118,0
3119,1
3120,0
3121,0
3122,0
3123,1
3124,0
3125,1
3126,1
3127,1
3128,1
3129,0
3130,0
3131,0
3132,0
3133,1
3134,1
3135,0
3136,0
3137,1
3138,0
3139,0
3140,0
3141,0
3142,1
3143,0
3144,0
3145,1
3146,1
3147,0
3148,1
3149,0
3150,0
3151,1
3152,1
3153,1
3154,1
3155,1
3156,1
3157,1
3158,0
3159,0
3160,1
3161,0
3162,1
3163,1
3164,0
3165,1
3166,0
3167,0
3168,0
3169,0
3170,1
3171,1
3172,1
3173,0
3174,1
3175,0
3176,0
3177,1
3178,0
3179,1
3180,0
3181,0
3182,0
3183,1
3184,1
3185,1
3186,1
3187,1
3188,0
3189,0
3190,0
3191,1
3192,0
3193,1
3194,0
3195,0
3196,1
3197,0
3198,1
3199,0
3200,1
3201,1
3202,0
3203,1
3204,1
3205,0
3206,1
3207,1
3208,1
3209,1
3210,1
3211,0
3212,0
3213,1
3214,0
3215,0
3216,1
3217,1
3218,0
3219,1
3220,0
3221,1
3222,1
3223,1
3224,0
3225,1
3226,1
3227,1
3228,1
3229,0
3230,1
3231,1
3232,0
3233,1
3234,0
3235,1
3236,1
3237,0
3238,0
3239,0
3240,1
3241,1
3242,0
3243,1
3244,1
3245,1
3246,0
3247,1
3248,0
3249,1
3250,0
3251,1
3252,1
3253,0
3254,1
3255,1
3256,0
3257,0
3258,0
3259,1
3260,0
3261,1
3262,1
3263,1
3264,0
3265,0
3266,0
3267,1
3268,0
3269,1
3270,0
3271,1
3272,0
3273,1
3274,0
3275,1
3276,0
3277,1
3278,0
3279,1
3280,1
3281,0
3282,1
3283,1
3284,1
3285,0
3286,1
3287,0
3288,1
3289,0
3290,1
3291,1
3292,0
3293,0
3294,1
3295,1
3296,1
3297,0
3298,1
3299,0
3300,1
3301,1
3302,1
3303,0
3304,0
3305,0
3306,1
3307,0
3308,0
3309,1
3310,1
3311,0
3312,1
3313,0
3314,1
3315,1
3316,0
3317,1
3318,0
3319,1
3320,0
3321,1
3322,0
3323,0
3324,0
3325,1
3326,1
3327,1
3328,1
3329,1
3330,1
3331,1
3332,1
3333,1
3334,1
3335,0
3336,1
3337,1
3338,1
3339,0
3340,0
3341,1
3342,1
3343,0
3344,0
3345,0
3346,1
3347,0
3348,1
3349,1
3350,1
3351,0
3352,1
3353,1
3354,0
3355,0
3356,0
3357,1
3358,0
3359,1
3360,1
3361,1
3362,0
3363,1
3364,1
3365,0
3366,1
3367,0
3368,1
3369,1
3370,1
3371,1
3372,0
3373,0
3374,1
3375,0
3376,0
3377,0
3378,1
3379,0
3380,1
3381,1
3382,1
3383,1
3384,1
3385,1
3386,1
3387,0
3388,1
3389,1
3390,1
3391,1
3392,0
3393,1
3394,0
3395,0
3396,0
3397,0
3398,1
3399,0
3400,1
3401,0
3402,0
3403,1
3404,1
3405,1
3406,0
3407,1
3408,0
3409,1
3410,0
3411,1
3412,0
3413,1
3414,0
3415,0
3416,0
3417,0
3418,1
3419,0
3420,0
3421,1
3422,0
3423,0
3424,0
3425,0
3426,1
3427,0
3428,1
3429,0
3430,0
3431,1
3432,1
3433,0
3434,1
3435,1
3436,0
3437,0
3438,0
3439,0
3440,1
3441,1
3442,1
3443,1
3444,1
3445,1
3446,0
3447,0
3448,1
3449,1
3450,0
3451,1
3452,1
3453,1
3454,0
3455,0
3456,1
3457,1
3458,1
3459,0
3460,0
3461,1
3462,1
3463,1
3464,0
3465,0
3466,0
3467,1
3468,1
3469,0
3470,1
3471,1
3472,1
3473,0
3474,1
3475,1
3476,1
3477,1
3478,0
3479,1
3480,1
3481,0
3482,1
3483,1
3484,1
3485,1
3486,1
3487,0
3488,1
3489,1
3490,1
3491,0
3492,0
3493,1
3494,0
3495,1
3496,1
3497,1
3498,1
3499,1
3500,1
3501,1
3502,0
3503,0
3504,0
3505,0
3506,0
3507,1
3508,1
3509,0
3510,0
3511,0
3512,0
3513,1
3514,1
3515,1
3516,0
3517,0
3518,1
3519,1
3520,1
3521,0
3522,1
3523,1
3524,0
3525,1
3526,1
3527,0
3528,1
3529,1
3530,1
3531,1
3532,1
3533,1
3534,1
3535,0
3536,1
3537,1
3538,0
3539,1
3540,0
3541,1
3542,0
3543,0
3544,1
3545,1
3546,1
3547,0
3548,0
3549,0
3550,1
3551,0
3552,1
3553,0
3554,0
3555,1
3556,1
3557,0
3558,0
3559,1
3560,0
3561,0
3562,1
3563,1
3564,1
3565,1
3566,1
3567,0
3568,1
3569,1
3570,0
3571,0
3572,1
3573,0
3574,0
3575,0
3576,1
3577,0
3578,0
3579,1
3580,1
3581,1
3582,0
3583,0
3584,0
3585,0
3586,1
3587,1
3588,0
3589,1
3590,0
3591,1
3592,0
3593,0
3594,0
3595,0
3596,1
3597,0
3598,1
3599,0
3600,1
3601,1
3602,1
3603,0
3604,1
3605,0
3606,1
3607,1
3608,1
3609,0
3610,1
3611,0
3612,0
3613,1
3614,0
3615,1
3616,0
3617,1
3618,1
3619,1
3620,0
3621,0
3622,0
3623,1
3624,1
3625,1
3626,1
3627,1
3628,1
3629,0
3630,0
3631,0
3632,1
3633,0
3634,1
3635,1
3636,0
3637,0
3638,0
3639,0
3640,0
3641,1
3642,0
3643,0
3644,1
3645,1
3646,0
3647,1
3648,1
3649,1
3650,1
3651,0
3652,0
3653,1
3654,0
3655,0
3656,1
3657,0
3658,1
3659,0
3660,0
3661,1
3662,1
3663,0
3664,0
3665,1
3666,1
3667,0
3668,0
3669,0
3670,0
3671,1
3672,0
3673,0
3674,0
3675,1
3676,0
3677,1
3678,1
3679,1
3680,0
3681,1
3682,0
3683,1
3684,1
3685,0
3686,0
3687,1
3688,0
3689,1
3690,0
3691,1
3692,0
3693,0
3694,0
3695,1
3696,1
3697,0
3698,0
3699,1
3700,1
3701,1
3702,0
3703,0
3704,1
3705,0
3706,0
3707,0
3708,1
3709,0
3710,1
3711,1
3712,0
3713,1
3714,1
3715,1
3716,0
3717,0
3718,1
3719,1
3720,1
3721,1
3722,0
3723,0
3724,1
3725,0
3726,1
3727,1
3728,1
3729,0
3730,0
3731,0
3732,1
3733,1
3734,1
3735,1
3736,0
3737,1
3738,1
3739,0
3740,0
3741,1
3742,1
3743,0
3744,1
3745,0
3746,1
3747,0
3748,0
3749,1
3750,1
3751,1
3752,1
3753,0
3754,1
3755,0
3756,1
3757,1
3758,0
3759,1
3760,0
3761,1
3762,1
3763,0
3764,1
3765,1
3766,1
3767,0
3768,0
3769,1
3770,1
3771,1
3772,0
3773,1
3774,0
3775,1
3776,0
3777,1
3778,1
3779,1
3780,1
3781,1
3782,1
3783,1
3784,1
3785,1
3786,1
3787,0
3788,1
3789,0
3790,1
3791,1
3792,1
3793,0
3794,1
3795,1
3796,1
3797,0
3798,1
3799,0
3800,1
3801,1
3802,0
3803,0
3804,0
3805,1
3806,0
3807,1
3808,0
3809,1
3810,0
3811,1
3812,0
3813,1
3814,0
3815,0
3816,1
3817,0
3818,1
3819,1
3820,0
3821,0
3822,0
3823,1
3824,0
3825,1
3826,0
3827,0
3828,0
3829,0
3830,0
3831,0
3832,1
3833,0
3834,0
3835,0
3836,1
3837,1
3838,0
3839,0
3840,1
3841,0
3842,1
3843,1
3844,1
3845,1
3846,1
3847,0
3848,0
3849,1
3850,1
3851,0
3852,1
3853,1
3854,1
3855,1
3856,0
3857,1
3858,1
3859,1
3860,0
3861,1
3862,1
3863,1
3864,1
3865,0
3866,0
3867,1
3868,1
3869,0
3870,1
3871,0
3872,1
3873,0
3874,0
3875,0
3876,0
3877,1
3878,0
3879,1
3880,1
3881,0
3882,0
3883,0
3884,0
3885,1
3886,0
3887,0
3888,1
3889,0
3890,0
3891,1
3892,0
3893,1
3894,0
3895,1
3896,0
3897,1
3898,0
3899,0
3900,1
3901,0
3902,1
3903,0
3904,0
3905,0
3906,0
3907,1
3908,1
3909,0
3910,1
3911,1
3912,1
3913,1
3914,1
3915,1
3916,1
3917,1
3918,0
3919,0
3920,0
3921,1
3922,0
3923,1
3924,1
3925,1
3926,0
3927,0
3928,1
3929,0
3930,0
3931,1
3932,1
3933,1
3934,1
3935,1
3936,1
3937,0
3938,1
3939,0
3940,0
3941,1
3942,1
3943,1
3944,1
3945,1
3946,1
3947,1
3948,1
3949,1
3950,1
3951,0
3952,1
3953,0
3954,1
3955,0
3956,1
3957,0
3958,1
3959,1
3960,1
3961,1
3962,0
3963,0
3964,0
3965,0
3966,0
3967,0
3968,0
3969,1
3970,1
3971,1
3972,1
3973,0
3974,1
3975,1
3976,0
3977,1
3978,1
3979,1
3980,1
3981,1
3982,0
3983,0
3984,0
3985,1
3986,0
3987,1
3988,1
3989,1
3990,1
3991,0
3992,0
3993,0
3994,1
3995,1
3996,1
3997,0
3998,1
3999,1
4000,0
4001,1
4002,0
4003,1
4004,1
4005,0
4006,1
4007,0
4008,1
4009,1
4010,0
4011,1
4012,1
4013,1
4014,0
4015,0
4016,0
4017,0
4018,1
4019,0
4020,1
4021,0
4022,1
4023,1
4024,1
4025,0
4026,0
4027,0
4028,1
4029,1
4030,0
4031,0
4032,1
4033,1
4034,1
4035,1
4036,1
4037,0
4038,1
4039,1
4040,1
4041,1
4042,1
4043,0
4044,0
4045,0
4046,0
4047,1
4048,1
4049,1
4050,0
4051,0
4052,1
4053,1
4054,0
4055,1
4056,0
4057,0
4058,0
4059,1
4060,0
4061,0
4062,0
4063,1
4064,1
4065,1
4066,0
4067,1
4068,1
4069,0
4070,0
4071,1
4072,0
4073,1
4074,1
4075,0
4076,0
4077,1
4078,1
4079,0
4080,1
4081,0
4082,1
4083,0
4084,1
4085,1
4086,1
4087,1
4088,0
4089,1
4090,0
4091,1
4092,0
4093,1
4094,1
4095,1
4096,1
4097,1
4098,0
4099,0
4100,1
4101,0
4102,1
4103,1
4104,1
4105,0
4106,0
4107,1
4108,1
4109,1
4110,0
4111,1
4112,1
4113,1
4114,1
4115,0
4116,0
4117,1
4118,1
4119,1
4120,1
4121,0
4122,0
4123,1
4124,1
4125,1
4126,1
4127,0
4128,1
4129,0
4130,1
4131,1
4132,1
4133,1
4134,0
4135,0
4136,0
4137,1
4138,0
4139,0
4140,1
4141,0
4142,1
4143,1
4144,1
4145,1
4146,1
4147,0
4148,1
4149,0
4150,1
4151,0
4152,0
4153,1
4154,1
4155,0
4156,1
4157,0
4158,0
4159,1
4160,0
4161,1
4162,0
4163,1
4164,1
4165,0
4166,1
4167,0
4168,1
4169,1
4170,0
4171,0
4172,1
4173,1
4174,0
4175,1
4176,1
4177,0
4178,1
4179,0
4180,0
4181,0
4182,1
4183,1
4184,1
4185,1
4186,1
4187,0
4188,0
4189,1
4190,1
4191,1
4192,0
4193,1
4194,1
4195,0
4196,0
4197,0
4198,1
4199,1
4200,0
4201,1
4202,0
4203,1
4204,0
4205,1
4206,0
4207,0
4208,1
4209,1
4210,1
4211,0
4212,0
4213,1
4214,0
4215,1
4216,0
4217,1
4218,0
4219,0
4220,1
4221,1
4222,0
4223,0
4224,1
4225,1
4226,1
4227,0
4228,0
4229,0
4230,1
4231,1
4232,0
4233,1
4234,0
4235,1
4236,0
4237,0
4238,1
4239,0
4240,0
4241,0
4242,1
4243,0
4244,1
4245,1
4246,1
4247,1
4248,0
4249,1
4250,1
4251,1
4252,1
4253,0
4254,1
4255,1
4256,0
4257,0
4258,1
4259,0
4260,0
4261,1
4262,0
4263,1
4264,1
4265,1
4266,0
4267,1
4268,1
4269,0
4270,1
4271,1
4272,0
4273,0
4274,1
4275,0
4276,0
4277,1
4278,1
4279,0
4280,0
4281,0
4282,0
4283,0
4284,0
4285,0
4286,1
4287,0
4288,0
4289,1
4290,0
4291,0
4292,1
4293,1
4294,1
4295,1
4296,1
4297,1
4298,0
4299,1
4300,1
4301,1
4302,1
4303,0
4304,1
4305,0
4306,0
4307,1
4308,1
4309,1
4310,1
4311,0
4312,0
4313,0
4314,0
4315,0
4316,0
4317,1
4318,1
4319,0
4320,1
4321,1
4322,1
4323,0
4324,0
4325,1
4326,1
4327,1
4328,0
4329,0
4330,1
4331,1
4332,1
4333,0
4334,1
4335,0
4336,1
4337,1
4338,1
4339,0
4340,1
4341,0
4342,0
4343,1
4344,1
4345,1
4346,1
4347,1
4348,0
4349,0
4350,0
4351,0
4352,1
4353,1
4354,1
4355,1
4356,1
4357,0
4358,1
4359,0
4360,0
4361,1
4362,0
4363,1
4364,1
4365,0
4366,0
4367,0
4368,0
4369,0
4370,0
4371,0
4372,0
4373,0
4374,1
4375,1
4376,0
4377,1
4378,1
4379,1
4380,1
4381,1
4382,1
4383,1
4384,1
4385,0
4386,0
4387,1
4388,0
4389,0
4390,0
4391,1
4392,1
4393,1
4394,1
4395,0
4396,0
4397,0
4398,1
4399,0
4400,1
4401,1
4402,1
4403,0
4404,1
4405,0
4406,0
4407,0
4408,1
4409,0
4410,0
4411,0
4412,0
4413,1
4414,1
4415,0
4416,0
4417,1
4418,1
4419,0
4420,1
4421,1
4422,1
4423,1
4424,0
4425,1
4426,1
4427,1
4428,1
4429,1
4430,1
4431,1
4432,1
4433,1
4434,1
4435,1
4436,1
4437,1
4438,1
4439,1
4440,1
4441,0
4442,0
4443,0
4444,0
4445,1
4446,1
4447,1
4448,1
4449,0
4450,1
4451,1
4452,1
4453,0
4454,0
4455,1
4456,1
4457,1
4458,1
4459,0
4460,0
4461,1
4462,1
4463,1
4464,1
4465,1
4466,1
4467,0
4468,0
4469,0
4470,1
4471,1
4472,1
4473,0
4474,0
4475,1
4476,0
4477,1
4478,0
4479,0
4480,1
4481,0
4482,0
4483,1
4484,1
4485,1
4486,1
4487,0
4488,0
4489,1
4490,1
4491,1
4492,0
4493,0
4494,1
4495,0
4496,1
4497,1
4498,1
4499,1
4500,0
4501,1
4502,0
4503,0
4504,0
4505,1
4506,1
4507,0
4508,0
4509,0
4510,0
4511,1
4512,0
4513,1
4514,1
4515,1
4516,0
4517,1
4518,1
4519,1
4520,0
4521,1
4522,1
4523,0
4524,0
4525,1
4526,0
4527,0
4528,0
4529,0
4530,0
4531,1
4532,1
4533,0
4534,1
4535,0
4536,0
4537,1
4538,0
4539,1
4540,1
4541,1
4542,0
4543,0
4544,1
4545,0
4546,1
4547,1
4548,1
4549,1
4550,1
4551,1
4552,1
4553,1
4554,1
4555,1
4556,0
4557,1
4558,1
4559,0
4560,1
4561,1
4562,0
4563,1
4564,0
4565,0
4566,1
4567,1
4568,0
4569,1
4570,1
4571,1
4572,0
4573,1
4574,1
4575,0
4576,0
4577,0
4578,0
4579,0
4580,1
4581,0
4582,1
4583,1
4584,0
4585,0
4586,1
4587,1
4588,0
4589,1
4590,0
4591,0
4592,1
4593,1
4594,1
4595,1
4596,1
4597,1
4598,1
4599,0
4600,1
4601,0
4602,0
4603,1
4604,1
4605,0
4606,1
4607,0
4608,1
4609,1
4610,1
4611,0
4612,1
4613,1
4614,1
4615,1
4616,1
4617,1
4618,0
4619,0
4620,1
4621,0
4622,1
4623,0
4624,1
4625,0
4626,1
4627,1
4628,1
4629,1
4630,1
4631,1
4632,0
4633,1
4634,0
4635,0
4636,0
4637,1
4638,1
4639,1
4640,1
4641,0
4642,1
4643,1
4644,0
4645,1
4646,1
4647,1
4648,0
4649,0
4650,0
4651,0
4652,0
4653,1
4654,1
4655,0
4656,0
4657,1
4658,1
4659,1
4660,0
4661,0
4662,0
4663,1
4664,1
4665,1
4666,1
4667,1
4668,1
4669,0
4670,1
4671,1
4672,0
4673,1
4674,0
4675,0
4676,0
4677,1
4678,1
4679,1
4680,1
4681,1
4682,1
4683,1
4684,0
4685,1
4686,0
4687,0
4688,0
4689,0
4690,1
4691,1
4692,1
4693,0
4694,0
4695,0
4696,1
4697,1
4698,0
4699,1
4700,1
4701,0
4702,1
4703,1
4704,0
4705,1
4706,1
4707,1
4708,0
4709,1
4710,1
4711,1
4712,0
4713,1
4714,1
4715,1
4716,0
4717,1
4718,1
4719,1
4720,1
4721,0
4722,1
4723,0
4724,0
4725,1
4726,1
4727,0
4728,0
4729,0
4730,0
4731,0
4732,1
4733,1
4734,1
4735,1
4736,1
4737,0
4738,0
4739,1
4740,1
4741,0
4742,0
4743,1
4744,1
4745,1
4746,1
4747,1
4748,1
4749,1
4750,0
4751,0
4752,1
4753,1
4754,1
4755,0
4756,1
4757,1
4758,1
4759,1
4760,1
4761,1
4762,0
4763,1
4764,0
4765,0
4766,1
4767,0
4768,1
4769,1
4770,1
4771,1
4772,1
4773,1
4774,0
4775,0
4776,1
4777,0
4778,0
4779,1
4780,1
4781,1
4782,1
4783,0
4784,1
4785,0
4786,1
4787,1
4788,0
4789,0
4790,0
4791,1
4792,1
4793,0
4794,0
4795,1
4796,0
4797,1
4798,1
4799,1
4800,1
4801,1
4802,0
4803,0
4804,0
4805,0
4806,0
4807,0
4808,0
4809,1
4810,0
4811,1
4812,1
4813,0
4814,0
4815,1
4816,0
4817,1
4818,1
4819,0
4820,0
4821,0
4822,1
4823,1
4824,1
4825,1
4826,0
4827,1
4828,1
4829,1
4830,1
4831,1
4832,1
4833,1
4834,1
4835,1
4836,1
4837,0
4838,1
4839,1
4840,1
4841,1
4842,1
4843,1
4844,0
4845,1
4846,0
4847,0
4848,0
4849,0
4850,1
4851,0
4852,1
4853,1
4854,0
4855,1
4856,0
4857,0
4858,1
4859,1
4860,0
4861,0
4862,1
4863,1
4864,1
4865,1
4866,1
4867,0
4868,0
4869,0
4870,0
4871,0
4872,1
4873,1
4874,0
4875,0
4876,0
4877,0
4878,0
4879,1
4880,1
4881,0
4882,1
4883,1
4884,0
4885,1
4886,1
4887,1
4888,1
4889,1
4890,0
4891,0
4892,0
4893,0
4894,0
4895,1
4896,1
4897,1
4898,1
4899,1
4900,1
4901,0
4902,1
4903,1
4904,1
4905,0
4906,0
4907,1
4908,1
4909,1
4910,1
4911,1
4912,1
4913,0
4914,0
4915,1
4916,1
4917,1
4918,1
4919,0
4920,0
4921,1
4922,0
4923,1
4924,1
4925,1
4926,1
4927,0
4928,0
4929,0
4930,1
4931,1
4932,0
4933,1
4934,1
4935,0
4936,0
4937,0
4938,0
4939,1
4940,1
4941,0
4942,0
4943,0
4944,0
4945,1
4946,0
4947,0
4948,1
4949,1
4950,0
4951,0
4952,1
4953,1
4954,1
4955,1
4956,1
4957,0
4958,0
4959,0
4960,1
4961,1
4962,0
4963,1
4964,0
4965,0
4966,0
4967,1
4968,1
4969,0
4970,1
4971,0
4972,1
4973,0
4974,1
4975,0
4976,0
4977,0
4978,0
4979,1
4980,0
4981,0
4982,1
4983,1
4984,0
4985,0
4986,1
4987,1
4988,0
4989,1
4990,1
4991,0
4992,0
4993,0
4994,0
4995,1
4996,1
4997,0
4998,1
4999,0
5000,1
5001,0
5002,1
5003,1
5004,0
5005,1
5006,1
5007,1
5008,1
5009,1
5010,0
5011,0
5012,1
5013,1
5014,1
5015,1
5016,0
5017,1
5018,1
5019,1
5020,1
5021,0
5022,0
5023,0
5024,1
5025,0
5026,1
5027,0
5028,0
5029,1
5030,1
5031,0
5032,0
5033,0
5034,0
5035,1
5036,0
5037,1
5038,0
5039,0
5040,1
5041,0
5042,0
5043,1
5044,1
5045,1
5046,0
5047,0
5048,1
5049,1
5050,0
5051,0
5052,0
5053,1
5054,0
5055,0
5056,0
5057,1
5058,1
5059,0
5060,0
5061,0
5062,0
5063,1
5064,0
5065,1
5066,1
5067,1
5068,0
5069,1
5070,0
5071,0
5072,1
5073,0
5074,0
5075,1
5076,1
5077,0
5078,0
5079,1
5080,0
5081,0
5082,0
5083,0
5084,1
5085,1
5086,1
5087,1
5088,1
5089,1
5090,1
5091,1
5092,1
5093,1
5094,0
5095,1
5096,0
5097,0
5098,1
5099,0
5100,1
5101,0
5102,1
5103,0
5104,0
5105,1
5106,0
5107,0
5108,1
5109,1
5110,1
5111,0
5112,1
5113,0
5114,1
5115,1
5116,0
5117,1
5118,1
5119,0
5120,1
5121,0
5122,1
5123,1
5124,0
5125,1
5126,1
5127,1
5128,0
5129,1
5130,0
5131,1
5132,0
5133,1
5134,1
5135,0
5136,1
5137,0
5138,0
5139,1
5140,1
5141,1
5142,0
5143,1
5144,1
5145,1
5146,1
5147,0
5148,1
5149,0
5150,0
5151,1
5152,1
5153,1
5154,1
5155,0
5156,0
5157,1
5158,0
5159,1
5160,0
5161,1
5162,1
5163,1
5164,0
5165,0
5166,1
5167,0
5168,0
5169,0
5170,0
5171,1
5172,0
5173,1
5174,0
5175,1
5176,1
5177,1
5178,0
5179,0
5180,0
5181,1
5182,0
5183,1
5184,1
5185,0
5186,1
5187,0
5188,0
5189,1
5190,1
5191,1
5192,1
5193,0
5194,1
5195,0
5196,1
5197,0
5198,1
5199,0
